tên,sku,category,giá 5ml,giá 20ml
LUXURY M.01,LD-LUXM01,Nam,10 sp: 109.000 | 100 sp: 99.000,10 sp: 360.000 | 100 sp: 330.000
LUXURY M.02,LD-LUXM02,Nam,10 sp: 109.000 | 100 sp: 99.000,10 sp: 360.000 | 100 sp: 330.000
LUXURY M.03,LD-LUXM03,Nam,10 sp: 109.000 | 100 sp: 99.000,10 sp: 360.000 | 100 sp: 330.000
LUXURY M.04,LD-LUXM04,Nam,10 sp: 109.000 | 100 sp: 99.000,10 sp: 360.000 | 100 sp: 330.000
LUXURY M.05,LD-LUXM05,Nam,10 sp: 109.000 | 100 sp: 99.000,10 sp: 360.000 | 100 sp: 330.000
LUXURY M.06,LD-LUXM06,Nam,10 sp: 109.000 | 100 sp: 99.000,10 sp: 360.000 | 100 sp: 330.000
LUXURY M.07,LD-LUXM07,Nam,10 sp: 109.000 | 100 sp: 99.000,10 sp: 360.000 | 100 sp: 330.000
LUXURY M.08,LD-LUXM08,Nam,10 sp: 109.000 | 100 sp: 99.000,10 sp: 360.000 | 100 sp: 330.000
LUXURY M.09,LD-LUXM09,Nam,10 sp: 109.000 | 100 sp: 99.000,10 sp: 360.000 | 100 sp: 330.000
LUXURY M.10,LD-LUXM10,Nam,10 sp: 109.000 | 100 sp: 99.000,10 sp: 360.000 | 100 sp: 330.000
LUXURY M.11,LD-LUXM11,Nam,10 sp: 109.000 | 100 sp: 99.000,10 sp: 360.000 | 100 sp: 330.000
LUXURY M.12,LD-LUXM12,Nam,10 sp: 109.000 | 100 sp: 99.000,10 sp: 360.000 | 100 sp: 330.000
LUXURY M.13,LD-LUXM13,Nam,10 sp: 109.000 | 100 sp: 99.000,10 sp: 360.000 | 100 sp: 330.000
LUXURY M.14,LD-LUXM14,Nam,10 sp: 109.000 | 100 sp: 99.000,10 sp: 360.000 | 100 sp: 330.000
LUXURY M.15,LD-LUXM15,Nam,10 sp: 109.000 | 100 sp: 99.000,10 sp: 360.000 | 100 sp: 330.000
LUXURY M.16,LD-LUXM16,Nam,10 sp: 109.000 | 100 sp: 99.000,10 sp: 360.000 | 100 sp: 330.000
LUXURY M.17,LD-LUXM17,Nam,10 sp: 109.000 | 100 sp: 99.000,10 sp: 360.000 | 100 sp: 330.000
LUXURY M.18,LD-LUXM18,Nam,10 sp: 109.000 | 100 sp: 99.000,10 sp: 360.000 | 100 sp: 330.000
LUXURY M.19,LD-LUXM19,Nam,10 sp: 109.000 | 100 sp: 99.000,10 sp: 360.000 | 100 sp: 330.000
LUXURY M.20,LD-LUXM20,Nam,10 sp: 109.000 | 100 sp: 99.000,10 sp: 360.000 | 100 sp: 330.000
LUXURY W.21,LD-LUXW21,Nữ,10 sp: 109.000 | 100 sp: 99.000,10 sp: 360.000 | 100 sp: 330.000
LUXURY W.22,LD-LUXW22,Nữ,10 sp: 109.000 | 100 sp: 99.000,10 sp: 360.000 | 100 sp: 330.000
LUXURY W.23,LD-LUXW23,Nữ,10 sp: 109.000 | 100 sp: 99.000,10 sp: 360.000 | 100 sp: 330.000
LUXURY W.24,LD-LUXW24,Nữ,10 sp: 109.000 | 100 sp: 99.000,10 sp: 360.000 | 100 sp: 330.000
LUXURY W.25,LD-LUXW25,Nữ,10 sp: 109.000 | 100 sp: 99.000,10 sp: 360.000 | 100 sp: 330.000
LUXURY W.26,LD-LUXW26,Nữ,10 sp: 109.000 | 100 sp: 99.000,10 sp: 360.000 | 100 sp: 330.000
LUXURY W.27,LD-LUXW27,Nữ,10 sp: 109.000 | 100 sp: 99.000,10 sp: 360.000 | 100 sp: 330.000
LUXURY W.28,LD-LUXW28,Nữ,10 sp: 109.000 | 100 sp: 99.000,10 sp: 360.000 | 100 sp: 330.000
LUXURY W.29,LD-LUXW29,Nữ,10 sp: 109.000 | 100 sp: 99.000,10 sp: 360.000 | 100 sp: 330.000
LUXURY W.30,LD-LUXW30,Nữ,10 sp: 109.000 | 100 sp: 99.000,10 sp: 360.000 | 100 sp: 330.000
LUXURY W.31,LD-LUXW31,Nữ,10 sp: 109.000 | 100 sp: 99.000,10 sp: 360.000 | 100 sp: 330.000
LUXURY W.32,LD-LUXW32,Nữ,10 sp: 109.000 | 100 sp: 99.000,10 sp: 360.000 | 100 sp: 330.000
LUXURY W.33,LD-LUXW33,Nữ,10 sp: 109.000 | 100 sp: 99.000,10 sp: 360.000 | 100 sp: 330.000
LUXURY W.34,LD-LUXW34,Nữ,10 sp: 109.000 | 100 sp: 99.000,10 sp: 360.000 | 100 sp: 330.000
LUXURY W.35,LD-LUXW35,Nữ,10 sp: 109.000 | 100 sp: 99.000,10 sp: 360.000 | 100 sp: 330.000
LUXURY W.36,LD-LUXW36,Nữ,10 sp: 109.000 | 100 sp: 99.000,10 sp: 360.000 | 100 sp: 330.000
LUXURY W.37,LD-LUXW37,Nữ,10 sp: 109.000 | 100 sp: 99.000,10 sp: 360.000 | 100 sp: 330.000
LUXURY W.38,LD-LUXW38,Nữ,10 sp: 109.000 | 100 sp: 99.000,10 sp: 360.000 | 100 sp: 330.000
LUXURY W.39,LD-LUXW39,Nữ,10 sp: 109.000 | 100 sp: 99.000,10 sp: 360.000 | 100 sp: 330.000
LUXURY W.40,LD-LUXW40,Nữ,10 sp: 109.000 | 100 sp: 99.000,10 sp: 360.000 | 100 sp: 330.000
LUXURY W.41,LD-LUXW41,Nữ,10 sp: 109.000 | 100 sp: 99.000,10 sp: 360.000 | 100 sp: 330.000
LUXURY W.42,LD-LUXW42,Nữ,10 sp: 109.000 | 100 sp: 99.000,10 sp: 360.000 | 100 sp: 330.000
LUXURY W.43,LD-LUXW43,Nữ,10 sp: 109.000 | 100 sp: 99.000,10 sp: 360.000 | 100 sp: 330.000
LUXURY W.44,LD-LUXW44,Nữ,10 sp: 109.000 | 100 sp: 99.000,10 sp: 360.000 | 100 sp: 330.000
LUXURY W.45,LD-LUXW45,Nữ,10 sp: 109.000 | 100 sp: 99.000,10 sp: 360.000 | 100 sp: 330.000
TESTER LUXURY 45 MÙI,LD-TESTER45,Tester,,1 sp: 650.000
